first_name,last_name,email,role,salary
Juline,Milton-White,jmiltonwhite0@wix.com,Architect,59690
Lonnie,Guyon,lguyon1@telegraph.co.uk,Estimator,84506
Louie,Tapping,ltapping2@hibu.com,Supervisor,88630
Ros,Petru,rpetru3@blogtalkradio.com,Architect,53415
Arvie,Winley,awinley4@china.com.cn,Construction Worker,54813
Wiley,Wiggans,wwiggans5@cargocollective.com,Construction Foreman,80226
Lilllie,Massingberd,lmassingberd6@google.ca,Subcontractor,73633
Garik,Rogez,grogez7@netscape.com,Surveyor,69002
Russ,Keatley,rkeatley8@arizona.edu,Electrician,81315
Nicolina,Clink,nclink9@toplist.cz,Engineer,60043
Greggory,Sterrie,gsterriea@archive.org,Construction Manager,63659
Eartha,Coslett,ecoslettb@who.int,Engineer,83578
Umberto,Gingell,ugingellc@linkedin.com,Subcontractor,58198
Susy,Ferran,sferrand@indiatimes.com,Estimator,52710
Margery,Corde,mcordee@dmoz.org,Project Manager,59040
Viviene,Janata,vjanataf@scientificamerican.com,Architect,83586
Case,Braunlein,cbraunleing@discuz.net,Electrician,83693
Padget,Putton,pputtonh@squarespace.com,Engineer,76916
Dex,Kinnar,dkinnari@behance.net,Construction Expeditor,82153
Vivian,Lydiatt,vlydiattj@cnn.com,Supervisor,77192
Stephi,Roscamps,sroscampsk@clickbank.net,Estimator,71605
Theodor,Parcall,tparcalll@examiner.com,Construction Manager,71189
Davie,Felder,dfelderm@xrea.com,Surveyor,73928
Florina,Filon,ffilonn@jimdo.com,Engineer,58198
Birk,Corneljes,bcorneljeso@nature.com,Construction Manager,72467
Ferdy,Cicci,fciccip@histats.com,Construction Manager,71788
Guillermo,Sara,gsaraq@theguardian.com,Project Manager,55080
Flss,Kimpton,fkimptonr@mediafire.com,Construction Foreman,55496
Libbey,Lepick,llepicks@infoseek.co.jp,Supervisor,75404
Gayla,Tweedie,gtweediet@dedecms.com,Construction Foreman,81334
Caitlin,Constanza,cconstanzau@howstuffworks.com,Estimator,58640
Wyndham,Garrique,wgarriquev@imdb.com,Construction Expeditor,89904
Robert,Ranaghan,rranaghanw@latimes.com,Project Manager,89919
Roxanne,Sawday,rsawdayx@paypal.com,Subcontractor,68853
Rubia,Phripp,rphrippy@51.la,Construction Expeditor,55840
Lavinia,Lortzing,llortzingz@a8.net,Construction Worker,64550
Lark,Newis,lnewis10@usgs.gov,Construction Expeditor,74473
Rusty,Polycote,rpolycote11@theatlantic.com,Engineer,74988
Chaddy,Sautter,csautter12@plala.or.jp,Engineer,56749
Stephanie,Seebright,sseebright13@nyu.edu,Supervisor,73444
Yasmeen,Chopy,ychopy14@taobao.com,Construction Manager,88215
Kalindi,Lovelady,klovelady15@technorati.com,Construction Foreman,58388
Coop,Bignall,cbignall16@ow.ly,Project Manager,77728
Alistair,Widdocks,awiddocks17@webs.com,Project Manager,87833
Edmon,Chitty,echitty18@t-online.de,Project Manager,71939
Wally,Abell,wabell19@skyrock.com,Engineer,60069
Hope,Tourville,htourville1a@ask.com,Construction Foreman,80769
Derril,Ducker,dducker1b@yelp.com,Engineer,84101
Judd,Gerler,jgerler1c@people.com.cn,Construction Worker,58461
Marlane,Rembaud,mrembaud1d@cargocollective.com,Subcontractor,57265
Kaia,Linch,klinch1e@vkontakte.ru,Surveyor,52608
Karyl,Parris,kparris1f@gizmodo.com,Engineer,82009
Bartie,Burnhard,bburnhard1g@disqus.com,Supervisor,83848
Buck,Bullman,bbullman1h@amazon.com,Project Manager,65096
Renaud,Huguenet,rhuguenet1i@com.com,Construction Worker,63288
Merci,Evered,mevered1j@msu.edu,Architect,79801
Jannelle,Cantos,jcantos1k@shutterfly.com,Project Manager,87042
Madalyn,Simnor,msimnor1l@freewebs.com,Subcontractor,88637
Jobey,Vollam,jvollam1m@alexa.com,Subcontractor,73086
Malinde,Petersen,mpetersen1n@cbsnews.com,Supervisor,59119
Aksel,Hothersall,ahothersall1o@blogger.com,Estimator,63335
Linn,Songer,lsonger1p@cmu.edu,Engineer,79418
Zea,Rapper,zrapper1q@mail.ru,Electrician,53861
Eugine,Allitt,eallitt1r@reference.com,Supervisor,58640
Wittie,Sidlow,wsidlow1s@unicef.org,Surveyor,76016
Raynard,Wallege,rwallege1t@mit.edu,Construction Worker,77742
Rubi,Ecclestone,recclestone1u@so-net.ne.jp,Subcontractor,54812
Suzette,Kinahan,skinahan1v@opensource.org,Construction Foreman,50668
Stevie,Hercules,shercules1w@hatena.ne.jp,Subcontractor,64244
Farly,Atcock,fatcock1x@arizona.edu,Project Manager,72173
Jackelyn,Leonida,jleonida1y@state.gov,Subcontractor,85180
Quintin,Houlahan,qhoulahan1z@ebay.com,Supervisor,87571
Luise,Greenland,lgreenland20@un.org,Surveyor,89316
Salvatore,Puig,spuig21@seattletimes.com,Estimator,59221
Diandra,Pusill,dpusill22@cisco.com,Engineer,86228
Kristopher,Acome,kacome23@hhs.gov,Surveyor,68002
Clevie,Walasik,cwalasik24@google.co.jp,Construction Foreman,81858
Bevon,Stratz,bstratz25@ucoz.ru,Construction Expeditor,85872
Jacquelyn,Kneafsey,jkneafsey26@mapquest.com,Engineer,62370
Ernestus,Morican,emorican27@ow.ly,Project Manager,50964
Kayle,Bridgett,kbridgett28@netlog.com,Construction Foreman,62309
Lannie,Teliga,lteliga29@studiopress.com,Architect,60607
Ainslee,Bollin,abollin2a@prnewswire.com,Electrician,67617
Ethelyn,Swallow,eswallow2b@chronoengine.com,Engineer,62555
Martainn,Wolledge,mwolledge2c@tuttocitta.it,Electrician,82046
Cleavland,Rake,crake2d@deliciousdays.com,Supervisor,77291
Kevina,Nuzzti,knuzzti2e@cdc.gov,Construction Expeditor,64845
Guillaume,Bere,gbere2f@histats.com,Project Manager,72764
Sherrie,Moncreiff,smoncreiff2g@springer.com,Estimator,72676
Margarethe,Grima,mgrima2h@sohu.com,Electrician,83611
Dawn,Whaley,dwhaley2i@google.pl,Construction Expeditor,68980
Olimpia,Hansmann,ohansmann2j@arizona.edu,Architect,51548
Krissy,Isselee,kisselee2k@reverbnation.com,Subcontractor,59463
Lynett,Friman,lfriman2l@oaic.gov.au,Supervisor,53065
Leif,Shoebottom,lshoebottom2m@sun.com,Construction Expeditor,71274
Juieta,Georgiev,jgeorgiev2n@thetimes.co.uk,Construction Manager,59741
Ruthi,Stickler,rstickler2o@china.com.cn,Architect,72689
Udale,Antonutti,uantonutti2p@discuz.net,Construction Expeditor,70606
Pamela,Leyre,pleyre2q@samsung.com,Estimator,88992
Derrik,Loggie,dloggie2r@bigcartel.com,Supervisor,83485
Quill,Jecks,qjecks2s@github.io,Construction Worker,68008
Giralda,O' Reagan,goreagan2t@deliciousdays.com,Estimator,84189
Nancee,Southon,nsouthon2u@noaa.gov,Construction Expeditor,53560
Selia,Showt,sshowt2v@clickbank.net,Architect,79041
Mill,Corballis,mcorballis2w@cisco.com,Supervisor,81693
Adlai,Bartles,abartles2x@mayoclinic.com,Surveyor,65086
Olivero,Manna,omanna2y@com.com,Electrician,68715
Lorne,Jecks,ljecks2z@princeton.edu,Engineer,53893
Leah,Hugnet,lhugnet30@imdb.com,Construction Manager,50177
Bellanca,Glyn,bglyn31@chron.com,Construction Worker,56851
Dilan,Wisden,dwisden32@dot.gov,Estimator,78485
Massimiliano,Mengo,mmengo33@lulu.com,Electrician,69785
Daphene,Bourcq,dbourcq34@people.com.cn,Project Manager,60163
Shandee,Gimblet,sgimblet35@merriam-webster.com,Supervisor,76317
Arni,Beidebeke,abeidebeke36@ucsd.edu,Estimator,60263
Jayme,Nellis,jnellis37@uol.com.br,Surveyor,59930
Seline,Stiegers,sstiegers38@bbc.co.uk,Supervisor,83784
Murry,Hayball,mhayball39@prnewswire.com,Engineer,75919
Shea,Pohls,spohls3a@ehow.com,Engineer,56021
Lennard,McGiven,lmcgiven3b@hibu.com,Surveyor,62941
Elfrida,Daintier,edaintier3c@ask.com,Construction Manager,52996
Leonore,Martt,lmartt3d@uol.com.br,Supervisor,77670
Nikki,Symcock,nsymcock3e@loc.gov,Project Manager,76108
Ardenia,Crowthe,acrowthe3f@ca.gov,Surveyor,83537
Gabbie,Jauncey,gjauncey3g@chicagotribune.com,Architect,62452
Tammi,Kenneway,tkenneway3h@europa.eu,Construction Expeditor,74830
Weider,McLardie,wmclardie3i@techcrunch.com,Construction Worker,71589
Roze,Simmons,rsimmons3j@bloglovin.com,Engineer,81065
Levon,Bravington,lbravington3k@fema.gov,Supervisor,55743
Willy,Kacheler,wkacheler3l@live.com,Estimator,61532
Andriana,Watkiss,awatkiss3m@bloglovin.com,Subcontractor,70054
Skipton,Merigeau,smerigeau3n@constantcontact.com,Supervisor,85745
Darleen,Maskall,dmaskall3o@comcast.net,Supervisor,56085
Erastus,Ducker,educker3p@ucla.edu,Architect,74771
Rosamond,McGlew,rmcglew3q@mtv.com,Construction Worker,53842
Olivero,Cuniffe,ocuniffe3r@china.com.cn,Construction Worker,62227
Adriano,Massimi,amassimi3s@histats.com,Construction Expeditor,74174
Sansone,Carrack,scarrack3t@bravesites.com,Engineer,56466
Gerri,Dedenham,gdedenham3u@behance.net,Architect,62269
Booth,Broadnicke,bbroadnicke3v@flickr.com,Engineer,81502
Levi,Tuberfield,ltuberfield3w@spotify.com,Construction Expeditor,76756
Jackqueline,Egginson,jegginson3x@livejournal.com,Subcontractor,83458
Kris,Carabet,kcarabet3y@ycombinator.com,Surveyor,84035
Kristyn,Marklin,kmarklin3z@omniture.com,Construction Expeditor,54774
Lidia,Orans,lorans40@sohu.com,Project Manager,69941
Rurik,Tickner,rtickner41@icq.com,Electrician,76479
Jonis,Leddy,jleddy42@youtu.be,Supervisor,85109
Avrom,Le Marquand,alemarquand43@mashable.com,Subcontractor,82451
Lorelle,Dennick,ldennick44@ihg.com,Subcontractor,50614
Roxine,Cage,rcage45@macromedia.com,Construction Worker,67720
Lauree,Gateman,lgateman46@cpanel.net,Construction Expeditor,51157
Tybalt,Romero,tromero47@clickbank.net,Engineer,65455
Gaby,Siely,gsiely48@sina.com.cn,Construction Worker,78917
Maia,Splevin,msplevin49@economist.com,Construction Foreman,82998
Keir,Raitt,kraitt4a@nhs.uk,Project Manager,57549
Hilliard,Dael,hdael4b@flickr.com,Estimator,59296
Ingaborg,Harbin,iharbin4c@symantec.com,Construction Expeditor,80496
Leanna,Costello,lcostello4d@addtoany.com,Engineer,72291
Orbadiah,Faccini,ofaccini4e@sourceforge.net,Architect,79788
Horten,Beeswing,hbeeswing4f@nba.com,Surveyor,70168
Melli,Ruffler,mruffler4g@domainmarket.com,Supervisor,57664
Eddy,Vasilchikov,evasilchikov4h@techcrunch.com,Architect,84866
Reamonn,Volleth,rvolleth4i@independent.co.uk,Subcontractor,88773
Hillel,Dietzler,hdietzler4j@domainmarket.com,Electrician,74577
Glenda,Kerwen,gkerwen4k@examiner.com,Construction Expeditor,71593
Dulcie,Stainer,dstainer4l@bloglovin.com,Construction Worker,69246
Mellisent,Egan,megan4m@wsj.com,Construction Expeditor,53896
Adena,Rannells,arannells4n@soundcloud.com,Construction Manager,52117
Waldemar,Tincombe,wtincombe4o@sun.com,Construction Manager,56586
Liz,Pharaoh,lpharaoh4p@godaddy.com,Engineer,51977
Ian,Goundrill,igoundrill4q@creativecommons.org,Electrician,55299
Brucie,Kareman,bkareman4r@google.nl,Supervisor,65645
Issy,Denslow,idenslow4s@ucla.edu,Electrician,56886
Vite,De Bernardi,vdebernardi4t@stumbleupon.com,Construction Expeditor,73692
Filippa,Godspede,fgodspede4u@themeforest.net,Construction Manager,75431
Pepito,Capeloff,pcapeloff4v@youtube.com,Surveyor,61990
Ferris,Sanders,fsanders4w@live.com,Subcontractor,59439
Rozella,Verrico,rverrico4x@google.com,Construction Expeditor,78196
Viva,Stewart,vstewart4y@tumblr.com,Construction Foreman,69758
Zechariah,Pottage,zpottage4z@google.com,Electrician,78790
Audi,Windebank,awindebank50@trellian.com,Surveyor,67573
Baudoin,Heustice,bheustice51@upenn.edu,Subcontractor,77098
Flint,McKenny,fmckenny52@patch.com,Supervisor,62179
Wynny,Cardnell,wcardnell53@ovh.net,Construction Manager,62020
Marcia,Purvis,mpurvis54@google.com,Engineer,73942
Vittorio,O'Mahoney,vomahoney55@xrea.com,Construction Worker,69391
Justinian,Kellart,jkellart56@cpanel.net,Electrician,75859
Baudoin,McAughtry,bmcaughtry57@tmall.com,Estimator,55181
Saxe,Gowan,sgowan58@google.com.au,Project Manager,53232
Gavin,Hecks,ghecks59@macromedia.com,Engineer,72176
Guilbert,Seeman,gseeman5a@ftc.gov,Subcontractor,62855
Wilbur,Midghall,wmidghall5b@ameblo.jp,Surveyor,73083
Catina,Medway,cmedway5c@cocolog-nifty.com,Construction Expeditor,64030
Danya,Hought,dhought5d@ning.com,Subcontractor,64892
Leoline,Shemelt,lshemelt5e@yahoo.co.jp,Surveyor,73657
Ogdan,Hayers,ohayers5f@macromedia.com,Surveyor,89036
Constantin,O'Hearn,cohearn5g@theatlantic.com,Architect,51149
Adler,Turton,aturton5h@berkeley.edu,Construction Worker,82498
Binny,Crier,bcrier5i@nifty.com,Project Manager,78126
Mavis,Russ,mruss5j@senate.gov,Electrician,78533
Chickie,Dury,cdury5k@godaddy.com,Surveyor,60268
Giorgi,Millthorpe,gmillthorpe5l@tinyurl.com,Engineer,86119
Florina,Greeding,fgreeding5m@plala.or.jp,Subcontractor,89255
Derrik,Stonhard,dstonhard5n@omniture.com,Construction Expeditor,87259
Wandis,Bawden,wbawden5o@last.fm,Engineer,68420
Toinette,Sibbert,tsibbert5p@pagesperso-orange.fr,Architect,75432
Kilian,Odney,kodney5q@google.com.br,Surveyor,76182
Vivianne,Sollon,vsollon5r@indiegogo.com,Construction Manager,51259
Wanda,Ruggieri,wruggieri5s@tmall.com,Architect,74729
Vivian,Jennemann,vjennemann5t@usnews.com,Construction Expeditor,59351
Faulkner,McKag,fmckag5u@ucoz.ru,Electrician,54815
Marley,Boyles,mboyles5v@exblog.jp,Estimator,84014
Helene,Girvan,hgirvan5w@ed.gov,Architect,57483
Marcelo,Joncic,mjoncic5x@tamu.edu,Subcontractor,80835
Emmit,Burrill,eburrill5y@cornell.edu,Estimator,60637
Jolyn,Onele,jonele5z@amazon.co.uk,Electrician,73366
Melba,McJerrow,mmcjerrow60@dell.com,Construction Foreman,69319
Bale,Proffer,bproffer61@nydailynews.com,Electrician,86762
Valaree,Bruce,vbruce62@seattletimes.com,Surveyor,79473
Liesa,Redhills,lredhills63@hc360.com,Electrician,58290
Chase,Clancy,cclancy64@state.tx.us,Construction Manager,51420
Robinetta,Gravener,rgravener65@alexa.com,Estimator,66294
Debora,Vedyaev,dvedyaev66@house.gov,Subcontractor,76644
Billi,Lassen,blassen67@altervista.org,Engineer,67203
Deirdre,Rowlin,drowlin68@blog.com,Supervisor,71061
Chaddie,Acock,cacock69@reuters.com,Estimator,63804
Franklyn,Rembaud,frembaud6a@naver.com,Construction Manager,64156
Mallorie,Jacobowicz,mjacobowicz6b@twitter.com,Project Manager,57670
Christy,Slack,cslack6c@a8.net,Supervisor,75659
Bess,Shulem,bshulem6d@census.gov,Supervisor,75243
Elaine,Duckham,educkham6e@nasa.gov,Project Manager,65806
Simone,Welchman,swelchman6f@google.it,Construction Manager,52065
Robbin,Eck,reck6g@wikispaces.com,Electrician,84185
Hi,Pointin,hpointin6h@a8.net,Project Manager,50362
Amandy,Astupenas,aastupenas6i@jigsy.com,Construction Worker,61843
Tyrone,Hallgate,thallgate6j@fc2.com,Subcontractor,88391
Katherine,Morgans,kmorgans6k@digg.com,Engineer,51108
Hughie,Bascombe,hbascombe6l@opensource.org,Project Manager,67184
Waring,Chugg,wchugg6m@so-net.ne.jp,Subcontractor,58326
Gerek,Sabate,gsabate6n@edublogs.org,Construction Foreman,50693
Heloise,Cafe,hcafe6o@typepad.com,Estimator,71887
Haily,Willison,hwillison6p@amazon.co.jp,Construction Manager,53474
Sari,Saberton,ssaberton6q@princeton.edu,Construction Worker,65687
Clare,Rathjen,crathjen6r@constantcontact.com,Project Manager,78785
Osbourne,Lief,olief6s@tamu.edu,Project Manager,67446
Bruno,Pimm,bpimm6t@ameblo.jp,Construction Worker,60773
Kellby,Boddington,kboddington6u@japanpost.jp,Subcontractor,85629
Dyana,Trazzi,dtrazzi6v@mayoclinic.com,Subcontractor,73545
Matteo,Kerner,mkerner6w@hugedomains.com,Estimator,72918
Lorrayne,Morrott,lmorrott6x@meetup.com,Construction Expeditor,65052
Wallas,Hannibal,whannibal6y@amazon.co.jp,Engineer,60500
Tarrah,Mairs,tmairs6z@geocities.jp,Architect,87012
Alick,Fidele,afidele70@ted.com,Architect,80962
Shayne,Mailes,smailes71@joomla.org,Surveyor,72298
Sheela,Brunker,sbrunker72@umich.edu,Architect,57445
Shae,Durrett,sdurrett73@umn.edu,Subcontractor,77291
Trever,Gorgen,tgorgen74@virginia.edu,Subcontractor,51546
Vasili,Sainsbury-Brown,vsainsburybrown75@abc.net.au,Construction Foreman,72679
Deanne,Shreenan,dshreenan76@bbb.org,Construction Expeditor,62502
Elene,Veel,eveel77@yahoo.com,Estimator,74885
Dicky,Ginnell,dginnell78@census.gov,Project Manager,50094
Amil,Fibbings,afibbings79@redcross.org,Supervisor,66866
Francois,Firmin,ffirmin7a@virginia.edu,Construction Foreman,86937
Jozef,Stonebridge,jstonebridge7b@delicious.com,Subcontractor,60323
Rosabella,Barme,rbarme7c@bluehost.com,Subcontractor,77852
Antons,Ladbury,aladbury7d@pinterest.com,Project Manager,82559
Rivi,Peevor,rpeevor7e@bloomberg.com,Engineer,66866
Ree,Perett,rperett7f@forbes.com,Construction Manager,67815
Andrew,Dingle,adingle7g@ustream.tv,Architect,76575
Dalis,Penhall,dpenhall7h@comcast.net,Construction Expeditor,51010
Dione,Bates,dbates7i@pcworld.com,Supervisor,79950
Jane,Skeech,jskeech7j@webmd.com,Construction Foreman,81843
Latia,Ianilli,lianilli7k@friendfeed.com,Engineer,72933
Dino,Ghost,dghost7l@nasa.gov,Subcontractor,54787
Lian,Roofe,lroofe7m@google.co.uk,Estimator,70198
Roanna,Domican,rdomican7n@adobe.com,Electrician,55786
Amalita,Phoebe,aphoebe7o@loc.gov,Construction Worker,69834
Casey,Sheeres,csheeres7p@microsoft.com,Construction Foreman,64353
Sara,Haggith,shaggith7q@newyorker.com,Subcontractor,71281
Tristan,Geffcock,tgeffcock7r@lulu.com,Construction Expeditor,85410
Hobard,Attreed,hattreed7s@gravatar.com,Estimator,65344
Alecia,Ayrton,aayrton7t@pcworld.com,Surveyor,52317
Nariko,Shrubb,nshrubb7u@quantcast.com,Supervisor,69726
Cammie,Werndley,cwerndley7v@google.it,Supervisor,57986
Mercedes,Stowgill,mstowgill7w@joomla.org,Surveyor,50877
Alexander,Harris,aharris7x@alexa.com,Construction Foreman,52778
Bryon,Chezier,bchezier7y@skyrock.com,Engineer,89139
Stephi,Burden,sburden7z@sakura.ne.jp,Electrician,86573
Blancha,Fardoe,bfardoe80@wix.com,Electrician,86173
Ignacio,Castletine,icastletine81@goo.gl,Project Manager,67613
Poppy,Sizeland,psizeland82@princeton.edu,Architect,84163
Lanie,Delgardillo,ldelgardillo83@loc.gov,Construction Manager,51004
Gusta,Hawkin,ghawkin84@4shared.com,Construction Expeditor,51161
Lind,Brok,lbrok85@cam.ac.uk,Architect,82604
Grier,Wraith,gwraith86@vkontakte.ru,Architect,89244
Nollie,OIlier,noilier87@mashable.com,Construction Worker,75139
Jemie,Matussov,jmatussov88@ameblo.jp,Supervisor,88561
Jean,Riches,jriches89@unblog.fr,Construction Foreman,61291
Inger,Hans,ihans8a@so-net.ne.jp,Construction Expeditor,83881
Nanci,Hamnett,nhamnett8b@naver.com,Engineer,81518
Mollie,Windless,mwindless8c@cisco.com,Estimator,78161
Wynny,Auger,wauger8d@cornell.edu,Project Manager,67022
Sayres,Mantram,smantram8e@princeton.edu,Architect,60049
Ferrell,Plank,fplank8f@buzzfeed.com,Project Manager,79260
Betteanne,Roughley,broughley8g@merriam-webster.com,Electrician,55953
Jorge,McCoveney,jmccoveney8h@wisc.edu,Architect,62458
Crystal,Clubley,cclubley8i@123-reg.co.uk,Engineer,70374
Hulda,Gerdes,hgerdes8j@nymag.com,Construction Foreman,50795
Rafe,Sleany,rsleany8k@google.ca,Surveyor,53462
Gerri,Chasney,gchasney8l@home.pl,Construction Manager,66383
Byrle,Ferfulle,bferfulle8m@biglobe.ne.jp,Surveyor,63288
Richmound,Gajewski,rgajewski8n@vistaprint.com,Project Manager,80960
Dylan,Wike,dwike8o@stumbleupon.com,Architect,57692
Weidar,Caldaro,wcaldaro8p@fda.gov,Project Manager,56008
Reuven,Ruppelin,rruppelin8q@mashable.com,Architect,80143
Clifford,Lidgley,clidgley8r@twitter.com,Architect,54834
Barbie,Josefowicz,bjosefowicz8s@cocolog-nifty.com,Construction Manager,68046
Moreen,Fechnie,mfechnie8t@gravatar.com,Subcontractor,53491
Clio,Embery,cembery8u@themeforest.net,Electrician,82234
Nicholas,Orriss,norriss8v@squidoo.com,Engineer,61321
Shauna,Doohan,sdoohan8w@cdbaby.com,Electrician,80902
Rebbecca,Ipplett,ripplett8x@google.com,Architect,71817
Kaylil,Gumey,kgumey8y@house.gov,Electrician,65110
Vivian,Kliesl,vkliesl8z@usa.gov,Construction Foreman,60554
Bary,Sumption,bsumption90@live.com,Construction Expeditor,57745
Enid,Spering,espering91@flavors.me,Construction Expeditor,65333
Derk,Snar,dsnar92@constantcontact.com,Surveyor,66176
Yorke,Laughtisse,ylaughtisse93@go.com,Engineer,56193
Iggie,Darracott,idarracott94@unicef.org,Architect,61294
Jimmie,Farlambe,jfarlambe95@tripod.com,Construction Manager,57203
Daisie,Seemmonds,dseemmonds96@t-online.de,Supervisor,70400
Eadie,Milier,emilier97@symantec.com,Architect,83791
Abra,Van Brug,avanbrug98@netscape.com,Subcontractor,80944
Keenan,Fowlie,kfowlie99@123-reg.co.uk,Project Manager,74861
Robbin,Larcombe,rlarcombe9a@businesswire.com,Subcontractor,71719
Patrizio,Balmer,pbalmer9b@yandex.ru,Electrician,80678
Ryon,Caulfield,rcaulfield9c@tamu.edu,Architect,73946
Albie,Wennam,awennam9d@ftc.gov,Estimator,70333
Roberto,Davitt,rdavitt9e@hc360.com,Project Manager,55325
Deena,Castellani,dcastellani9f@gravatar.com,Estimator,85949
Wesley,Ebbotts,webbotts9g@irs.gov,Electrician,65167
Dilly,Davidoff,ddavidoff9h@sourceforge.net,Construction Worker,88688
Donnell,MacGiffin,dmacgiffin9i@over-blog.com,Construction Worker,50815
Alain,Jobbings,ajobbings9j@netlog.com,Construction Foreman,61830
Murry,Birts,mbirts9k@hhs.gov,Project Manager,58777
El,Croall,ecroall9l@pbs.org,Construction Manager,52768
Merrel,Davio,mdavio9m@livejournal.com,Construction Worker,87865
Lianne,Irwin,lirwin9n@ow.ly,Supervisor,69472
Shelly,Koenraad,skoenraad9o@un.org,Project Manager,55016
Welbie,Sharpless,wsharpless9p@guardian.co.uk,Construction Worker,64112
Birk,Riddel,briddel9q@jalbum.net,Project Manager,62146
Dunstan,Gollop,dgollop9r@java.com,Engineer,85652
Hank,Wilton,hwilton9s@marriott.com,Construction Expeditor,58238
Dru,Gopsill,dgopsill9t@symantec.com,Construction Expeditor,57074
Kristen,Iban,kiban9u@youtube.com,Supervisor,78327
Sonni,Dobbie,sdobbie9v@mashable.com,Surveyor,55056
Olin,Simkovich,osimkovich9w@1und1.de,Construction Expeditor,81904
Elise,Sebire,esebire9x@hibu.com,Construction Worker,83550
Pierre,Dodshon,pdodshon9y@moonfruit.com,Construction Foreman,80215
Glendon,Balasini,gbalasini9z@adobe.com,Construction Manager,57641
Henry,Grishenkov,hgrishenkova0@ibm.com,Construction Worker,82842
Avrit,Berthome,aberthomea1@slate.com,Project Manager,72358
Milly,Brunet,mbruneta2@moonfruit.com,Supervisor,75885
Carrissa,Gorham,cgorhama3@t-online.de,Construction Foreman,82170
Rozanna,Blagburn,rblagburna4@dion.ne.jp,Construction Foreman,79853
Arluene,Squirrell,asquirrella5@house.gov,Subcontractor,82322
Vite,Grandham,vgrandhama6@lulu.com,Architect,53252
Aubry,Younie,ayouniea7@nymag.com,Surveyor,66941
Lindie,Dugget,lduggeta8@google.es,Surveyor,89390
Lela,Colombier,lcolombiera9@addtoany.com,Construction Manager,58597
Berny,Pashba,bpashbaaa@wix.com,Construction Expeditor,63278
Clint,Fewless,cfewlessab@earthlink.net,Estimator,87133
Cilka,Coe,ccoeac@tinyurl.com,Project Manager,79282
Roshelle,Lidgett,rlidgettad@typepad.com,Subcontractor,56745
Angela,Poor,apoorae@discovery.com,Electrician,82821
Renard,Heinrici,rheinriciaf@zimbio.com,Construction Expeditor,84304
Roxane,Kempster,rkempsterag@cpanel.net,Subcontractor,83610
Helaina,Smaridge,hsmaridgeah@nymag.com,Construction Expeditor,54502
Padraig,Okie,pokieai@google.fr,Construction Foreman,88310
Delmor,Rizziello,drizzielloaj@fema.gov,Construction Expeditor,73159
Becky,Callf,bcallfak@psu.edu,Project Manager,73261
Beauregard,Dary,bdaryal@gizmodo.com,Supervisor,65731
Jarib,Basnett,jbasnettam@geocities.jp,Electrician,68821
Marshal,Partridge,mpartridgean@lulu.com,Construction Manager,80088
Ewell,Staddon,estaddonao@yahoo.com,Estimator,85474
Aluino,Brunesco,abrunescoap@nydailynews.com,Engineer,88228
Gerrie,Tookey,gtookeyaq@ycombinator.com,Subcontractor,67396
Silvana,Ainscow,sainscowar@nasa.gov,Architect,72719
Astrix,Standbridge,astandbridgeas@amazon.co.jp,Supervisor,72205
Golda,Spearman,gspearmanat@nba.com,Subcontractor,60800
Mandy,Self,mselfau@nbcnews.com,Architect,82013
Adara,Eddis,aeddisav@squidoo.com,Construction Worker,57039
Jarred,Valerio,jvalerioaw@xing.com,Surveyor,66417
Celka,Lantry,clantryax@alexa.com,Construction Expeditor,74991
Jamill,Lere,jlereay@cargocollective.com,Project Manager,80640
Shae,Smedmoor,ssmedmooraz@photobucket.com,Supervisor,52559
Thornton,Charlson,tcharlsonb0@vkontakte.ru,Estimator,60684
Bride,Hadley,bhadleyb1@blogtalkradio.com,Project Manager,62786
Patrizia,Keener,pkeenerb2@apache.org,Engineer,63815
Lazarus,Mumbeson,lmumbesonb3@mozilla.com,Construction Manager,58288
Marcel,Nacci,mnaccib4@biblegateway.com,Subcontractor,72709
Nolana,Bentick,nbentickb5@umn.edu,Construction Worker,87406
Alidia,Dulieu,adulieub6@ft.com,Electrician,68352
Andria,Reggiani,areggianib7@nps.gov,Construction Worker,87558
Gardner,Quin,gquinb8@mozilla.org,Construction Foreman,53211
Lyndsie,Mulvenna,lmulvennab9@yelp.com,Construction Foreman,87258
Christabel,McCathie,cmccathieba@1688.com,Supervisor,83562
Linda,Hurd,lhurdbb@clickbank.net,Subcontractor,70295
Heloise,Chisman,hchismanbc@nba.com,Surveyor,51749
Benjamen,Forson,bforsonbd@cloudflare.com,Estimator,59850
Kevan,Legrice,klegricebe@ihg.com,Surveyor,81457
Slade,Storrah,sstorrahbf@moonfruit.com,Construction Manager,55832
Cary,Cromblehome,ccromblehomebg@hatena.ne.jp,Construction Worker,78000
Martino,MacDougall,mmacdougallbh@drupal.org,Supervisor,65809
Starr,Brettel,sbrettelbi@wired.com,Estimator,53848
Cassondra,Hearnaman,chearnamanbj@mozilla.com,Engineer,85965
Evangelin,Wiskar,ewiskarbk@booking.com,Surveyor,80275
Merry,Wherry,mwherrybl@blog.com,Estimator,86962
Euell,Peat,epeatbm@hatena.ne.jp,Engineer,61940
Sheff,Trye,stryebn@auda.org.au,Estimator,71246
Miof mela,Gurney,mgurneybo@vistaprint.com,Architect,77279
Wilburt,Speechley,wspeechleybp@technorati.com,Engineer,89274
Adda,Gianotti,agianottibq@google.com.br,Surveyor,88786
Carmen,Harfleet,charfleetbr@independent.co.uk,Surveyor,64728
Jourdan,Gatherer,jgathererbs@storify.com,Architect,58457
Roselia,Bate,rbatebt@sohu.com,Surveyor,88665
Filberte,Doig,fdoigbu@home.pl,Project Manager,72672
Augustine,Ronchetti,aronchettibv@pen.io,Construction Manager,65623
Karlotta,Piche,kpichebw@ted.com,Electrician,60896
Colly,Mashro,cmashrobx@japanpost.jp,Supervisor,75546
Francoise,Warr,fwarrby@surveymonkey.com,Estimator,55638
Lloyd,Rishworth,lrishworthbz@comsenz.com,Architect,79171
Benjamen,Pond,bpondc0@liveinternet.ru,Construction Expeditor,88120
Gabrielle,McGragh,gmcgraghc1@chron.com,Subcontractor,69852
Haywood,Guilaem,hguilaemc2@google.co.jp,Project Manager,65667
Frederigo,Bolles,fbollesc3@accuweather.com,Construction Worker,74765
Indira,Saben,isabenc4@skype.com,Project Manager,83710
Zach,Toffts,ztofftsc5@eepurl.com,Subcontractor,67949
Hedvig,Meedendorpe,hmeedendorpec6@businesswire.com,Surveyor,76450
Audra,Covotto,acovottoc7@soundcloud.com,Electrician,56516
Leodora,Reedy,lreedyc8@dell.com,Construction Foreman,73496
Sancho,Batt,sbattc9@yolasite.com,Construction Worker,78566
Broderick,Alfuso,balfusoca@vk.com,Surveyor,72983
Matty,Klugman,mklugmancb@reddit.com,Architect,73410
Karola,Honig,khonigcc@oracle.com,Project Manager,63652
Reiko,Ashfull,rashfullcd@indiatimes.com,Construction Expeditor,72803
Brandais,Eggleton,beggletonce@discovery.com,Engineer,66533
Blanch,McGarahan,bmcgarahancf@addtoany.com,Estimator,58338
Cynthie,Bodycombe,cbodycombecg@about.com,Project Manager,76365
Burch,Wanklin,bwanklinch@creativecommons.org,Engineer,58948
Barnie,Lent,blentci@answers.com,Engineer,89757
Dinah,Sedgemore,dsedgemorecj@mlb.com,Construction Manager,51907
Leeann,Calabry,lcalabryck@gmpg.org,Subcontractor,50174
Paule,Ruoff,pruoffcl@hugedomains.com,Project Manager,68584
Dennet,Cram,dcramcm@goodreads.com,Subcontractor,55819
Gloriane,Rubinovici,grubinovicicn@ning.com,Surveyor,73483
Hastie,Ferrara,hferraraco@spotify.com,Subcontractor,81796
Harvey,Horche,hhorchecp@hud.gov,Supervisor,80709
Alexia,Linder,alindercq@prweb.com,Electrician,65357
Wayne,Nusche,wnuschecr@icio.us,Estimator,74747
Miquela,Perigo,mperigocs@biglobe.ne.jp,Engineer,52514
Ingeborg,Corthes,icorthesct@slate.com,Surveyor,88168
Vivyan,Van Son,vvansoncu@apple.com,Architect,59618
Billie,Jenkerson,bjenkersoncv@ameblo.jp,Electrician,85588
Kial,O'Hallihane,kohallihanecw@google.fr,Architect,56072
Filberto,Crosswaite,fcrosswaitecx@deviantart.com,Estimator,88128
Doralynn,Lambourn,dlambourncy@desdev.cn,Subcontractor,88304
Odell,Sappy,osappycz@psu.edu,Construction Expeditor,51823
Erina,Leefe,eleefed0@reddit.com,Surveyor,68821
Caitlin,Dewing,cdewingd1@forbes.com,Subcontractor,77159
Dru,Veldstra,dveldstrad2@sakura.ne.jp,Project Manager,73865
Everett,Zorzetti,ezorzettid3@loc.gov,Project Manager,89071
Tiffie,Balchen,tbalchend4@globo.com,Estimator,74269
Claude,Argente,cargented5@weather.com,Construction Manager,76325
Pembroke,Klimt,pklimtd6@hao123.com,Subcontractor,67019
Tracy,Balazs,tbalazsd7@opensource.org,Electrician,81964
Marley,Kidston,mkidstond8@hugedomains.com,Subcontractor,52558
Kissie,Sircomb,ksircombd9@sogou.com,Construction Expeditor,82044
Cart,Mallall,cmallallda@nytimes.com,Construction Worker,60717
Avictor,Braferton,abrafertondb@trellian.com,Construction Worker,81026
Cissiee,Davidovics,cdavidovicsdc@fastcompany.com,Engineer,55592
Madelon,Moorwood,mmoorwooddd@uol.com.br,Electrician,51547
Johnna,Farfull,jfarfullde@ucoz.com,Construction Foreman,55469
Benedikt,Waeland,bwaelanddf@eventbrite.com,Electrician,57712
Abner,Axby,aaxbydg@ehow.com,Construction Manager,64990
Jasmine,Dole,jdoledh@gnu.org,Supervisor,63546
Vonnie,Pietraszek,vpietraszekdi@naver.com,Construction Worker,87893
Margarethe,Chidzoy,mchidzoydj@about.com,Engineer,87425
Blair,Traske,btraskedk@ihg.com,Architect,81246
Tove,Mugglestone,tmugglestonedl@cocolog-nifty.com,Architect,62879
Theodore,Volcker,tvolckerdm@google.fr,Construction Worker,84901
Shannan,Gregolin,sgregolindn@harvard.edu,Construction Expeditor,53705
Del,Osgardby,dosgardbydo@slate.com,Supervisor,66672
Allissa,Ree,areedp@usnews.com,Architect,53580
Larina,Teather,lteatherdq@ebay.co.uk,Project Manager,73630
Christabel,Merali,cmeralidr@themeforest.net,Architect,72314
Hilda,Goodrich,hgoodrichds@reverbnation.com,Engineer,79008
Jen,Thomasen,jthomasendt@unesco.org,Estimator,50696
Birk,Arderne,bardernedu@ezinearticles.com,Engineer,54936
Elisa,Bracknall,ebracknalldv@addtoany.com,Electrician,69466
Doro,Angel,dangeldw@columbia.edu,Surveyor,80375
Algernon,Grevile,agreviledx@tuttocitta.it,Electrician,80661
Kort,Savine,ksavinedy@imgur.com,Project Manager,78693
Toby,Chantler,tchantlerdz@cam.ac.uk,Construction Expeditor,58810
Felic,Lett,flette0@oakley.com,Architect,62967
Harland,O'Suaird,hosuairde1@t-online.de,Engineer,66512
Kessiah,Abbey,kabbeye2@hhs.gov,Project Manager,68943
Cherin,Gurden,cgurdene3@bigcartel.com,Electrician,53160
Dian,Valens-Smith,dvalenssmithe4@cdc.gov,Construction Worker,77808
Janna,Mullan,jmullane5@state.gov,Estimator,82727
Mead,Hitscher,mhitschere6@spotify.com,Surveyor,89100
Parry,Middas,pmiddase7@lycos.com,Estimator,50468
Suzette,Altree,saltreee8@bing.com,Project Manager,55923
Guillermo,Calver,gcalvere9@netlog.com,Engineer,78196
Gary,Shaughnessy,gshaughnessyea@un.org,Project Manager,53211
Boonie,Cicerone,bciceroneeb@ftc.gov,Engineer,79946
Vladimir,Templar,vtemplarec@cnbc.com,Estimator,52199
Krystyna,Swinford,kswinforded@oaic.gov.au,Surveyor,68947
Amanda,Bliss,ablissee@macromedia.com,Estimator,86826
Gladi,felip,gfelipef@topsy.com,Surveyor,68943
Oren,Audibert,oaudiberteg@yelp.com,Construction Expeditor,52480
Mead,Diperaus,mdiperauseh@w3.org,Architect,77076
Cathrine,Slevin,cslevinei@microsoft.com,Estimator,67998
Trixy,Battleson,tbattlesonej@4shared.com,Surveyor,81704
Shanon,Yvens,syvensek@hp.com,Estimator,57120
Paulo,Clibbery,pclibberyel@berkeley.edu,Construction Worker,88548
Joy,Pennick,jpennickem@odnoklassniki.ru,Construction Worker,51059
Woody,Grube,wgrubeen@youtube.com,Surveyor,67255
Julie,Shimon,jshimoneo@i2i.jp,Surveyor,56915
Cicely,Cawthorne,ccawthorneep@goodreads.com,Engineer,80340
Marc,McAllen,mmcalleneq@harvard.edu,Project Manager,57205
Katusha,Pendrid,kpendrider@mtv.com,Construction Expeditor,59662
Pavla,Pleaden,ppleadenes@sohu.com,Supervisor,71454
Wallie,Kiehl,wkiehlet@ehow.com,Surveyor,52760
Dode,Garvan,dgarvaneu@admin.ch,Engineer,81394
Lanna,Balkwill,lbalkwillev@rediff.com,Construction Manager,63465
Chet,Goslin,cgoslinew@freewebs.com,Supervisor,56435
Luci,Jannex,ljannexex@github.com,Subcontractor,69557
Valentine,Rowden,vrowdeney@walmart.com,Construction Worker,85681
Raul,Bolland,rbollandez@ftc.gov,Project Manager,73487
Thorndike,Landreth,tlandrethf0@yelp.com,Estimator,56056
Angelique,Davidi,adavidif1@hubpages.com,Supervisor,85860
Knox,Corrington,kcorringtonf2@cyberchimps.com,Construction Worker,82335
Anson,Flanders,aflandersf3@un.org,Surveyor,53911
Alfredo,Fibbings,afibbingsf4@4shared.com,Electrician,51117
Granville,Pavlov,gpavlovf5@alibaba.com,Construction Worker,51562
Corty,Cheeseman,ccheesemanf6@technorati.com,Construction Manager,72497
Ainsley,Buckthought,abuckthoughtf7@reuters.com,Architect,54612
Bernhard,Tattersfield,btattersfieldf8@amazonaws.com,Construction Foreman,69173
Ferne,Banthorpe,fbanthorpef9@disqus.com,Electrician,50932
Rhonda,Maryan,rmaryanfa@aboutads.info,Surveyor,76357
Nedda,Sweetnam,nsweetnamfb@bandcamp.com,Estimator,67936
Kiri,Frensche,kfrenschefc@freewebs.com,Surveyor,69473
Ferdy,Orleton,forletonfd@meetup.com,Architect,53992
Callida,Willshee,cwillsheefe@bloomberg.com,Electrician,72353
Hannis,Benedek,hbenedekff@springer.com,Electrician,86963
Randall,Salliere,rsallierefg@imgur.com,Construction Manager,85277
Dulci,Veronique,dveroniquefh@photobucket.com,Construction Manager,70141
Ingemar,Odam,iodamfi@sogou.com,Construction Foreman,52167
Cecile,Sandcroft,csandcroftfj@intel.com,Subcontractor,79419
Nicoline,Hurst,nhurstfk@lycos.com,Engineer,68203
Hubert,Cranny,hcrannyfl@paypal.com,Construction Foreman,77059
Ennis,Ilem,eilemfm@aboutads.info,Engineer,85010
Val,Clarkson,vclarksonfn@bbc.co.uk,Surveyor,66049
Frazier,Basterfield,fbasterfieldfo@github.com,Surveyor,79953
Silvana,Janusz,sjanuszfp@chicagotribune.com,Subcontractor,55845
Gibb,Kinver,gkinverfq@cnbc.com,Electrician,55200
Tabb,Phinnis,tphinnisfr@ovh.net,Electrician,89036
Deane,Munnings,dmunningsfs@unblog.fr,Project Manager,70192
Cissiee,Gotobed,cgotobedft@networksolutions.com,Subcontractor,83686
Cariotta,Matuszewski,cmatuszewskifu@freewebs.com,Supervisor,60718
Beatrice,Pietrzak,bpietrzakfv@auda.org.au,Estimator,57956
Quillan,Schutze,qschutzefw@ebay.com,Estimator,81453
Constance,Crighton,ccrightonfx@un.org,Surveyor,87991
Ann-marie,Linnane,alinnanefy@about.me,Surveyor,56762
Linda,Fearick,lfearickfz@google.es,Subcontractor,64232
Benedikta,Brolechan,bbrolechang0@ehow.com,Construction Worker,80154
Thorndike,Alforde,talfordeg1@mozilla.com,Architect,75297
Kin,Rasell,krasellg2@oakley.com,Supervisor,56549
Muhammad,Radcliffe,mradcliffeg3@usda.gov,Project Manager,89708
Sonny,O'Cooney,socooneyg4@comsenz.com,Construction Manager,61961
Ernest,Dursley,edursleyg5@purevolume.com,Project Manager,81199
Lucho,Bendik,lbendikg6@webmd.com,Construction Worker,74662
Gregoor,Weth,gwethg7@usatoday.com,Construction Worker,73076
Goldina,Pieters,gpietersg8@hatena.ne.jp,Surveyor,56629
Whitby,Crop,wcropg9@gov.uk,Subcontractor,50824
Cal,Joris,cjorisga@skyrock.com,Engineer,86202
Brucie,Flaxman,bflaxmangb@house.gov,Surveyor,66143
Evanne,Sabbatier,esabbatiergc@forbes.com,Construction Foreman,65114
Bertina,Godart,bgodartgd@constantcontact.com,Supervisor,86309
Minda,Fowells,mfowellsge@fotki.com,Surveyor,67506
Giles,Woollacott,gwoollacottgf@webmd.com,Subcontractor,85537
Lucita,Meharg,lmeharggg@posterous.com,Construction Expeditor,88804
Odille,Becarra,obecarragh@scribd.com,Construction Expeditor,58906
Linc,Gofton,lgoftongi@smh.com.au,Subcontractor,74581
Herve,Grishakov,hgrishakovgj@house.gov,Estimator,88789
Xylia,Wardingly,xwardinglygk@parallels.com,Architect,80317
Torrie,Libbey,tlibbeygl@theglobeandmail.com,Construction Expeditor,80759
Bette,Rosterne,brosternegm@scribd.com,Project Manager,69742
Verla,Heersema,vheersemagn@free.fr,Surveyor,70323
Geraldine,Maynard,gmaynardgo@usa.gov,Supervisor,64976
Bird,Baversor,bbaversorgp@gmpg.org,Construction Foreman,67982
Shaughn,Copnell,scopnellgq@shinystat.com,Architect,76678
Roxine,Davidov,rdavidovgr@cbsnews.com,Construction Expeditor,70495
Elvis,Laurisch,elaurischgs@ca.gov,Electrician,88548
Northrup,Bullers,nbullersgt@admin.ch,Estimator,87213
Clara,Olivas,colivasgu@zimbio.com,Construction Expeditor,52664
Rolf,Prichet,rprichetgv@qq.com,Engineer,51559
Starlin,Gilvear,sgilveargw@ed.gov,Construction Worker,79568
Nertie,Crouse,ncrousegx@sitemeter.com,Surveyor,74851
Bobbie,Briddle,bbriddlegy@icq.com,Architect,53913
Aileen,Bursnell,abursnellgz@stanford.edu,Surveyor,62757
Winfred,Stanistrete,wstanistreteh0@homestead.com,Supervisor,89306
Tess,Lawey,tlaweyh1@typepad.com,Surveyor,69604
Anastassia,Le Maitre,alemaitreh2@typepad.com,Construction Manager,59011
Garnet,Mallabund,gmallabundh3@census.gov,Construction Foreman,58516
Giraldo,Plowman,gplowmanh4@globo.com,Estimator,83186
Andriana,Farnworth,afarnworthh5@google.fr,Engineer,87884
Isabelle,Harbord,iharbordh6@plala.or.jp,Construction Foreman,73351
Pooh,Dyneley,pdyneleyh7@nationalgeographic.com,Electrician,63949
Lorry,Garnsworthy,lgarnsworthyh8@amazonaws.com,Construction Manager,81605
Devan,O'Hollegan,doholleganh9@csmonitor.com,Project Manager,60279
Natalya,Spurrier,nspurrierha@meetup.com,Supervisor,69684
Gustavus,Hammelberg,ghammelberghb@people.com.cn,Construction Worker,80042
Ardis,Franzetti,afranzettihc@harvard.edu,Engineer,70256
Gunther,Glabach,gglabachhd@msu.edu,Engineer,76531
Gena,Brydie,gbrydiehe@hc360.com,Surveyor,80383
Shena,Lucken,sluckenhf@microsoft.com,Construction Expeditor,71102
Olivero,Padrick,opadrickhg@google.co.jp,Estimator,81913
Haley,Tarry,htarryhh@comcast.net,Electrician,83367
Andrew,Lob,alobhi@pcworld.com,Estimator,75718
Shelden,Hadwick,shadwickhj@cnet.com,Construction Manager,73625
Roz,Frake,rfrakehk@woothemes.com,Engineer,56133
Lesli,Keri,lkerihl@devhub.com,Surveyor,66122
Lindie,Curnnokk,lcurnnokkhm@nature.com,Electrician,52650
Lorin,Stithe,lstithehn@altervista.org,Estimator,77769
Nappy,Rohan,nrohanho@nhs.uk,Architect,51932
Bellanca,Haliburton,bhaliburtonhp@home.pl,Project Manager,84757
Haven,Gerriessen,hgerriessenhq@wikispaces.com,Construction Foreman,63672
Angelo,Drewery,adreweryhr@netscape.com,Construction Foreman,74883
Carlita,Crowe,ccrowehs@hugedomains.com,Subcontractor,83872
Dorelia,Scanlan,dscanlanht@usa.gov,Electrician,70100
Terri,Folland,tfollandhu@behance.net,Engineer,66309
Hedvige,Smee,hsmeehv@cloudflare.com,Supervisor,58466
Daffie,Ledgister,dledgisterhw@delicious.com,Construction Foreman,72114
Yurik,McFetridge,ymcfetridgehx@amazonaws.com,Estimator,51663
Magdalena,Leverentz,mleverentzhy@va.gov,Electrician,81809
Gherardo,Dewi,gdewihz@amazonaws.com,Architect,88305
Dedie,Neem,dneemi0@businessweek.com,Engineer,72159
Skyler,Sherrin,ssherrini1@state.gov,Architect,83596
Daria,Olwen,dolweni2@dailymotion.com,Project Manager,53194
Andi,Catton,acattoni3@webmd.com,Construction Manager,84143
Tatiana,Abrahamowitcz,tabrahamowitczi4@soundcloud.com,Subcontractor,53400
Coleman,Coxhead,ccoxheadi5@globo.com,Construction Expeditor,61708
Morrie,Spottiswood,mspottiswoodi6@ebay.co.uk,Estimator,87822
Claudina,Lydon,clydoni7@sciencedaily.com,Construction Expeditor,74230
Darell,Plose,dplosei8@xrea.com,Construction Manager,66893
Eldin,Edeler,eedeleri9@fda.gov,Construction Expeditor,64200
Tedman,Iddens,tiddensia@earthlink.net,Electrician,89514
Thalia,Blackaby,tblackabyib@springer.com,Construction Foreman,81846
Terri-jo,Thistleton,tthistletonic@va.gov,Surveyor,70757
Riccardo,Giocannoni,rgiocannoniid@time.com,Engineer,72925
Axel,McAnellye,amcanellyeie@reverbnation.com,Subcontractor,76611
Gillie,Elletson,gelletsonif@yolasite.com,Subcontractor,60325
Christean,Ventam,cventamig@fotki.com,Construction Expeditor,65570
Raquel,McEniry,rmceniryih@bandcamp.com,Subcontractor,75818
Gretchen,Dudmarsh,gdudmarshii@discuz.net,Construction Expeditor,79752
Selma,Sidebottom,ssidebottomij@facebook.com,Architect,54344
Berky,Cheney,bcheneyik@nytimes.com,Supervisor,87525
Tallia,Simon,tsimonil@about.me,Construction Worker,84746
Seth,Faulkner,sfaulknerim@columbia.edu,Electrician,66251
Brinna,Petrushkevich,bpetrushkevichin@ycombinator.com,Electrician,64567
Leroi,Schimpke,lschimpkeio@mayoclinic.com,Supervisor,79951
Hallie,Bourgaize,hbourgaizeip@walmart.com,Surveyor,89750
Verla,Buttriss,vbuttrissiq@hc360.com,Estimator,74739
Ofilia,Crossthwaite,ocrossthwaiteir@noaa.gov,Construction Expeditor,55786
Horst,Chainey,hchaineyis@ow.ly,Construction Foreman,84314
Laird,Beseke,lbesekeit@samsung.com,Project Manager,68102
Yankee,Deschlein,ydeschleiniu@npr.org,Construction Expeditor,68258
Lulita,Gladtbach,lgladtbachiv@photobucket.com,Supervisor,68807
Garrick,Shynn,gshynniw@goodreads.com,Supervisor,66389
Joyous,Robe,jrobeix@house.gov,Engineer,57309
Trace,Asif,tasifiy@macromedia.com,Construction Foreman,58488
Merla,McElvine,mmcelvineiz@wunderground.com,Architect,77518
Sophie,Bloore,sbloorej0@google.com.au,Subcontractor,60688
Anthony,Beddin,abeddinj1@latimes.com,Electrician,60055
Fidela,Pocknoll,fpocknollj2@woothemes.com,Subcontractor,77274
Barb,Tandey,btandeyj3@lycos.com,Electrician,53555
Tiffani,Clausner,tclausnerj4@themeforest.net,Subcontractor,82183
Blancha,Pickton,bpicktonj5@networksolutions.com,Construction Foreman,80158
Napoleon,Reedick,nreedickj6@ucoz.com,Electrician,52528
Danell,Dymott,ddymottj7@un.org,Construction Worker,67203
Reinhard,Brigstock,rbrigstockj8@hhs.gov,Surveyor,67769
Connor,Cordova,ccordovaj9@craigslist.org,Construction Foreman,52198
Ozzy,Reignolds,oreignoldsja@ehow.com,Estimator,82976
Davidde,Curzon,dcurzonjb@wunderground.com,Engineer,58997
Val,Ashforth,vashforthjc@xinhuanet.com,Surveyor,86138
Nollie,Domini,ndominijd@ibm.com,Project Manager,88911
Kirbie,Shadwick,kshadwickje@nytimes.com,Construction Expeditor,88983
Tobe,Teulier,tteulierjf@usnews.com,Project Manager,50519
Peter,Kardos-Stowe,pkardosstowejg@pen.io,Electrician,78349
Den,Foulkes,dfoulkesjh@networksolutions.com,Supervisor,70880
Renelle,Paynton,rpayntonji@globo.com,Supervisor,62236
Henry,Andreucci,handreuccijj@storify.com,Project Manager,72587
Gaby,Funcheon,gfuncheonjk@de.vu,Construction Foreman,54822
Zenia,Tilburn,ztilburnjl@cpanel.net,Electrician,54620
Quincey,Episcopio,qepiscopiojm@issuu.com,Construction Manager,79117
Naoma,Brawn,nbrawnjn@nytimes.com,Construction Foreman,77398
Boote,Nutbeem,bnutbeemjo@mtv.com,Electrician,61099
Sascha,Cromett,scromettjp@illinois.edu,Electrician,80709
Reggie,Twizell,rtwizelljq@state.tx.us,Engineer,71024
Rahal,Shephard,rshephardjr@t-online.de,Construction Foreman,53394
Archy,Shawyers,ashawyersjs@squarespace.com,Construction Foreman,76241
Benedetta,Ferrarello,bferrarellojt@hexun.com,Construction Worker,64124
Fidole,Maryon,fmaryonju@auda.org.au,Construction Worker,67981
Olivie,Spearman,ospearmanjv@php.net,Subcontractor,57887
Chadwick,Linney,clinneyjw@shinystat.com,Construction Expeditor,68504
Gradeigh,Heiss,gheissjx@goo.ne.jp,Estimator,67027
Carolee,Fraanchyonok,cfraanchyonokjy@drupal.org,Electrician,82851
Ludvig,Cridlan,lcridlanjz@myspace.com,Engineer,58186
Shirlee,Lackeye,slackeyek0@linkedin.com,Construction Manager,85899
Jaquenetta,Wait,jwaitk1@wired.com,Surveyor,79559
Barris,Livoir,blivoirk2@ft.com,Construction Foreman,70375
Agustin,Antrim,aantrimk3@geocities.jp,Construction Expeditor,55705
Yorker,Clendening,yclendeningk4@wikia.com,Construction Expeditor,71238
Ladonna,Hurford,lhurfordk5@clickbank.net,Construction Worker,85561
Forest,Spendley,fspendleyk6@soundcloud.com,Construction Manager,82660
Dory,Fenemore,dfenemorek7@state.gov,Subcontractor,53724
Carlyn,Juhruke,cjuhrukek8@scientificamerican.com,Subcontractor,82468
Benjamen,Sudlow,bsudlowk9@sciencedirect.com,Engineer,53649
Sibeal,Coolahan,scoolahanka@pcworld.com,Electrician,54301
Matthew,Ciobutaro,mciobutarokb@nature.com,Surveyor,67126
Joelynn,Kitcher,jkitcherkc@virginia.edu,Electrician,64344
Eada,Tesmond,etesmondkd@hostgator.com,Construction Manager,63587
Justus,Ditzel,jditzelke@deviantart.com,Subcontractor,83643
Emelina,Holsall,eholsallkf@tinypic.com,Construction Foreman,50886
Zelig,Ayers,zayerskg@ask.com,Estimator,52610
Justinian,Flips,jflipskh@4shared.com,Construction Expeditor,80850
Roobbie,Frean,rfreanki@gnu.org,Project Manager,69708
Paulette,Selman,pselmankj@bbc.co.uk,Construction Worker,65608
Sully,Pattillo,spattillokk@cloudflare.com,Architect,52933
Wood,Grimsell,wgrimsellkl@a8.net,Supervisor,62192
Jaquenette,Cotta,jcottakm@multiply.com,Supervisor,83292
Juliana,Calow,jcalowkn@cbc.ca,Engineer,69241
Bamby,Fassam,bfassamko@123-reg.co.uk,Architect,85487
Broddy,Yoskowitz,byoskowitzkp@biblegateway.com,Surveyor,61634
Hubie,Mannakee,hmannakeekq@usda.gov,Subcontractor,70760
Chiquia,Lindberg,clindbergkr@sciencedirect.com,Supervisor,67397
Bonnee,Davoren,bdavorenks@toplist.cz,Architect,85184
Sal,Hennemann,shennemannkt@sohu.com,Supervisor,87746
Abba,Morbey,amorbeyku@examiner.com,Architect,61670
Olenolin,Olivetti,oolivettikv@hexun.com,Supervisor,66193
Siegfried,Croston,scrostonkw@zimbio.com,Surveyor,61546
Amara,Hintzer,ahintzerkx@cyberchimps.com,Engineer,65437
Tailor,Guyver,tguyverky@sphinn.com,Construction Foreman,75862
Konstantin,Barringer,kbarringerkz@php.net,Estimator,85766
Benjamen,Clemenceau,bclemenceaul0@msu.edu,Architect,64357
Samaria,Corpe,scorpel1@usatoday.com,Architect,83489
Rasla,Myhan,rmyhanl2@php.net,Surveyor,66715
Ernestus,Gytesham,egyteshaml3@wordpress.com,Electrician,56267
Sayers,Keaveny,skeavenyl4@intel.com,Electrician,80427
Julie,Coronado,jcoronadol5@nhs.uk,Surveyor,78658
Nataline,Mindenhall,nmindenhalll6@timesonline.co.uk,Construction Foreman,80911
Laney,Corneil,lcorneill7@purevolume.com,Construction Worker,79725
Bale,Farncomb,bfarncombl8@addtoany.com,Estimator,60073
Ibbie,Elloit,ielloitl9@mlb.com,Project Manager,85825
Genny,Laye,glayela@linkedin.com,Construction Worker,58340
Silvio,Digweed,sdigweedlb@biblegateway.com,Project Manager,88568
Lanie,Pescod,lpescodlc@comcast.net,Construction Worker,88249
Burch,Berston,bberstonld@house.gov,Construction Worker,79668
Zachery,Ledwith,zledwithle@virginia.edu,Estimator,73212
Zacherie,Taillard,ztaillardlf@nba.com,Engineer,52855
Rhea,Roft,rroftlg@mit.edu,Construction Expeditor,66996
Nick,Ramelet,nrameletlh@wikia.com,Project Manager,78416
Hurley,Stebbin,hstebbinli@washington.edu,Supervisor,66899
Ted,Cawsey,tcawseylj@blog.com,Engineer,77947
Dael,Surgeon,dsurgeonlk@zimbio.com,Construction Worker,51984
Ferd,Newlove,fnewlovell@icio.us,Estimator,79325
Barbee,Claiden,bclaidenlm@tumblr.com,Construction Manager,66076
Ferguson,Bellfield,fbellfieldln@cargocollective.com,Estimator,77499
Rosetta,Bunkle,rbunklelo@youtu.be,Architect,60526
Arvin,Carbonell,acarbonelllp@state.gov,Estimator,51051
Torey,Merman,tmermanlq@1und1.de,Subcontractor,51611
Harri,Caveau,hcaveaulr@facebook.com,Project Manager,80276
Audrye,Hadenton,ahadentonls@nytimes.com,Supervisor,78708
Jaine,Huyche,jhuychelt@economist.com,Engineer,80484
Annecorinne,Argente,aargentelu@jalbum.net,Supervisor,70006
Olwen,Simnel,osimnellv@taobao.com,Supervisor,74259
Jimmy,Wyard,jwyardlw@biblegateway.com,Construction Foreman,87451
Alexi,Legrand,alegrandlx@rambler.ru,Architect,50851
Rhonda,Lowre,rlowrely@lulu.com,Construction Manager,77044
Cherianne,Barnicott,cbarnicottlz@histats.com,Construction Expeditor,86421
Harris,Roselli,hrosellim0@vinaora.com,Estimator,62120
Anselma,Troyes,atroyesm1@ihg.com,Construction Expeditor,70323
Hyacinth,Lemerie,hlemeriem2@yahoo.com,Estimator,74263
Ingrim,Ridges,iridgesm3@seattletimes.com,Supervisor,78712
Wandis,Boutell,wboutellm4@walmart.com,Surveyor,89133
Eustace,Ridgway,eridgwaym5@upenn.edu,Subcontractor,76000
Antons,Oxenbury,aoxenburym6@posterous.com,Engineer,84354
Obed,Charlot,ocharlotm7@stanford.edu,Supervisor,77349
Yardley,Peaker,ypeakerm8@go.com,Electrician,87406
Anjela,Kubek,akubekm9@reddit.com,Construction Expeditor,58037
Paula,Cretney,pcretneyma@bluehost.com,Engineer,70007
Julita,Coule,jcoulemb@addtoany.com,Estimator,66937
Rebbecca,Fernanando,rfernanandomc@youtube.com,Construction Manager,88597
Dehlia,Boyton,dboytonmd@nytimes.com,Construction Foreman,72044
Thedrick,Dudek,tdudekme@canalblog.com,Construction Manager,53053
Langsdon,Money,lmoneymf@cmu.edu,Electrician,55867
Myrvyn,Langeley,mlangeleymg@salon.com,Electrician,56963
Rahel,Pozzi,rpozzimh@hhs.gov,Architect,56905
Tedd,Jillett,tjillettmi@si.edu,Construction Foreman,79691
Gerek,Seaborne,gseabornemj@mail.ru,Surveyor,75634
Birgit,Hoffmann,bhoffmannmk@flavors.me,Electrician,61189
Pinchas,Kenwright,pkenwrightml@wikimedia.org,Surveyor,71281
Almeria,Bahlmann,abahlmannmm@wunderground.com,Construction Expeditor,69173
Portie,Skune,pskunemn@hostgator.com,Construction Foreman,71076
Mill,Ulrik,mulrikmo@eventbrite.com,Construction Worker,76527
Wolf,Eves,wevesmp@alexa.com,Estimator,67014
Loria,Itzkowicz,litzkowiczmq@loc.gov,Architect,84528
Yuma,McGaughey,ymcgaugheymr@bizjournals.com,Construction Manager,58260
Gui,Brayn,gbraynms@arizona.edu,Supervisor,78754
Terri,Halfhyde,thalfhydemt@istockphoto.com,Supervisor,82429
Charlotta,Goldsbrough,cgoldsbroughmu@weather.com,Subcontractor,66803
Walsh,Stookes,wstookesmv@gov.uk,Engineer,61344
Zsa zsa,Hartnell,zhartnellmw@1und1.de,Surveyor,72542
Peggi,Bessent,pbessentmx@businessweek.com,Engineer,67446
Fred,Tampin,ftampinmy@ftc.gov,Construction Worker,70750
Lorin,Hortop,lhortopmz@cocolog-nifty.com,Construction Foreman,72068
Quintin,Ball,qballn0@goo.ne.jp,Estimator,58869
Carlen,Bugbee,cbugbeen1@free.fr,Subcontractor,50755
Griswold,Brandrick,gbrandrickn2@accuweather.com,Estimator,80164
Randell,Iggo,riggon3@free.fr,Estimator,75782
Gwendolin,Kinrade,gkinraden4@fotki.com,Construction Expeditor,63748
Corabel,Jamson,cjamsonn5@stanford.edu,Supervisor,87863
Elle,Schwandermann,eschwandermannn6@weather.com,Architect,59143
Druci,Mustarde,dmustarden7@jimdo.com,Construction Expeditor,80677
Simone,Emanuelli,semanuellin8@shinystat.com,Surveyor,73691
Karel,Bellini,kbellinin9@engadget.com,Project Manager,75976
Christine,Ivanyushkin,civanyushkinna@artisteer.com,Subcontractor,72765
Penelopa,Attryde,pattrydenb@ebay.co.uk,Construction Foreman,58012
Heddie,Gelsthorpe,hgelsthorpenc@indiatimes.com,Subcontractor,86266
Verena,Roches,vrochesnd@scientificamerican.com,Construction Worker,68367
Miquela,McGready,mmcgreadyne@qq.com,Supervisor,81284
Anitra,Loddon,aloddonnf@dell.com,Surveyor,87695
Juliette,Lulham,jlulhamng@privacy.gov.au,Construction Worker,78621
Hercule,Coule,hcoulenh@webs.com,Subcontractor,64949
Dulcea,Douglas,ddouglasni@indiatimes.com,Construction Manager,66659
Piggy,Edsall,pedsallnj@nasa.gov,Construction Manager,83309
Alissa,Luciani,alucianink@princeton.edu,Surveyor,75863
Skell,Lammerts,slammertsnl@com.com,Supervisor,69040
Tremain,Sugarman,tsugarmannm@ibm.com,Construction Expeditor,86992
Barry,Luckhurst,bluckhurstnn@time.com,Construction Worker,84598
Berna,Lealle,blealleno@opera.com,Engineer,83113
Nanny,Hardway,nhardwaynp@msu.edu,Electrician,83285
Alika,Stood,astoodnq@yale.edu,Construction Expeditor,56111
Nertie,Humfrey,nhumfreynr@barnesandnoble.com,Construction Manager,58911
Garland,Goodspeed,ggoodspeedns@miitbeian.gov.cn,Electrician,73793
Dominique,Pittam,dpittamnt@ycombinator.com,Surveyor,88430
Dina,Picford,dpicfordnu@ibm.com,Estimator,70681
Letty,Keates,lkeatesnv@netvibes.com,Project Manager,56803
Letizia,Clausner,lclausnernw@answers.com,Estimator,58589
Rosene,Binfield,rbinfieldnx@ustream.tv,Supervisor,83270
Susanne,Ind,sindny@angelfire.com,Project Manager,63848
Yul,Westhofer,ywesthofernz@merriam-webster.com,Supervisor,57462
Aretha,Golston,agolstono0@4shared.com,Project Manager,50946
De,Preator,dpreatoro1@japanpost.jp,Construction Foreman,58885
Candide,Gainsburgh,cgainsburgho2@ning.com,Supervisor,82890
Delia,Canedo,dcanedoo3@linkedin.com,Subcontractor,60603
Ardis,Brickwood,abrickwoodo4@arizona.edu,Construction Manager,81580
Brigham,Musterd,bmusterdo5@squarespace.com,Subcontractor,83051
Elvis,Rettie,erettieo6@washington.edu,Subcontractor,89406
Lissa,Shadrach,lshadracho7@oaic.gov.au,Engineer,82780
Dorian,Bonus,dbonuso8@weather.com,Project Manager,57305
Nancy,Corballis,ncorballiso9@scribd.com,Engineer,69564
Dorree,Seago,dseagooa@reddit.com,Subcontractor,82243
Jen,Fiander,jfianderob@eventbrite.com,Engineer,68033
Gene,Bennellick,gbennellickoc@yandex.ru,Engineer,71304
Forest,Kenen,fkenenod@sciencedaily.com,Construction Manager,65932
Amby,Hortop,ahortopoe@miibeian.gov.cn,Construction Manager,52881
Norbert,Di Meo,ndimeoof@google.it,Electrician,70026
Bianka,Paolozzi,bpaolozziog@studiopress.com,Engineer,71356
Bryanty,Mc Corley,bmccorleyoh@sourceforge.net,Electrician,52185
Briny,Coxon,bcoxonoi@amazon.de,Subcontractor,78191
Randa,Shaplin,rshaplinoj@cisco.com,Architect,56679
Elissa,Atchly,eatchlyok@eepurl.com,Electrician,55847
Dyann,Kinny,dkinnyol@slashdot.org,Construction Manager,83885
Ab,Cusiter,acusiterom@simplemachines.org,Project Manager,55081
Olag,Huddle,ohuddleon@ning.com,Construction Expeditor,80767
Merrie,Woodrough,mwoodroughoo@istockphoto.com,Electrician,85833
Fredrika,Laugharne,flaugharneop@google.com.au,Architect,79128
Caressa,Bourner,cbourneroq@reuters.com,Construction Expeditor,52081
Elysia,Blazy,eblazyor@virginia.edu,Subcontractor,80859
Dominica,Davidowsky,ddavidowskyos@xinhuanet.com,Architect,65598
Car,Schult,cschultot@privacy.gov.au,Subcontractor,53855
Gery,Cerie,gcerieou@epa.gov,Surveyor,76122
Elsi,Hills,ehillsov@alexa.com,Estimator,83728
Zane,Ducket,zducketow@posterous.com,Electrician,84383
Hewitt,Schwerin,hschwerinox@washingtonpost.com,Construction Foreman,65604
Godfrey,Hansill,ghansilloy@fastcompany.com,Estimator,71274
Guy,Castelijn,gcastelijnoz@edublogs.org,Supervisor,87978
Dyna,Cundict,dcundictp0@theguardian.com,Engineer,67624
Aeriela,Gulliver,agulliverp1@shinystat.com,Construction Manager,59582
Wallie,McGooch,wmcgoochp2@soundcloud.com,Construction Foreman,80557
Chloette,Vogt,cvogtp3@nifty.com,Subcontractor,51231
Zulema,Pesek,zpesekp4@jiathis.com,Engineer,74652
Harman,Milton-White,hmiltonwhitep5@whitehouse.gov,Surveyor,68610
Karim,Bartomeu,kbartomeup6@surveymonkey.com,Construction Manager,82849
Elroy,Voak,evoakp7@ovh.net,Subcontractor,87135
Augie,Butterly,abutterlyp8@tripadvisor.com,Construction Worker,72256
Marissa,Temporal,mtemporalp9@cdc.gov,Construction Foreman,81679
Angelique,Naisbet,anaisbetpa@imdb.com,Electrician,76980
Zelda,Gaughan,zgaughanpb@patch.com,Construction Manager,84561
Justis,Grzes,jgrzespc@hubpages.com,Construction Worker,81843
Morly,Popple,mpopplepd@istockphoto.com,Supervisor,77316
Carmencita,Beardshall,cbeardshallpe@jalbum.net,Estimator,79236
Margalit,Hitschke,mhitschkepf@boston.com,Estimator,71999
Darrin,Bowe,dbowepg@ycombinator.com,Project Manager,69119
Theadora,Blanking,tblankingph@sfgate.com,Electrician,67443
Ronna,Ambrose,rambrosepi@devhub.com,Electrician,54734
Gilli,Caughte,gcaughtepj@joomla.org,Construction Manager,87606
Carmelia,Borsi,cborsipk@state.tx.us,Subcontractor,52427
Anny,Avrashin,aavrashinpl@rambler.ru,Supervisor,58801
Pauly,Oldknow,poldknowpm@soundcloud.com,Project Manager,50480
Wallis,Grayer,wgrayerpn@mysql.com,Supervisor,61326
Cordy,Ryles,crylespo@live.com,Project Manager,68885
Donelle,Zorn,dzornpp@dell.com,Supervisor,52475
Ralph,Sussams,rsussamspq@google.fr,Surveyor,73050
Phil,Addy,paddypr@jimdo.com,Electrician,78808
Anthiathia,Chittim,achittimps@wix.com,Construction Worker,72899
Mufi,Sleeford,msleefordpt@earthlink.net,Electrician,58440
Mandi,Geck,mgeckpu@addtoany.com,Construction Worker,67152
Reggy,Armell,rarmellpv@homestead.com,Electrician,75077
Melodie,Cork,mcorkpw@about.com,Construction Worker,79032
Rolph,Cremin,rcreminpx@umn.edu,Construction Worker,75713
Mersey,Sturror,msturrorpy@google.cn,Surveyor,50143
Humbert,Sandyford,hsandyfordpz@homestead.com,Construction Manager,51328
Axel,Giraudat,agiraudatq0@phoca.cz,Surveyor,71769
Rahel,Championnet,rchampionnetq1@cdbaby.com,Engineer,50104
Nadiya,Posnette,nposnetteq2@nps.gov,Construction Manager,68155
Aldric,Catlette,acatletteq3@issuu.com,Surveyor,63175
Iormina,Carlens,icarlensq4@about.com,Supervisor,72168
Donny,Stuckes,dstuckesq5@sakura.ne.jp,Engineer,75111
Korey,Frankcombe,kfrankcombeq6@canalblog.com,Engineer,62285
Bernardine,Priscott,bpriscottq7@biglobe.ne.jp,Supervisor,52968
Barney,Yockney,byockneyq8@mlb.com,Engineer,80685
Stephan,Blare,sblareq9@freewebs.com,Construction Foreman,59197
Kevina,Vandrill,kvandrillqa@cmu.edu,Project Manager,84648
Ezri,Wheldon,ewheldonqb@posterous.com,Estimator,67267
Robbi,Searchfield,rsearchfieldqc@illinois.edu,Construction Manager,70668
Gunner,Eddy,geddyqd@indiatimes.com,Estimator,86822
Sibyl,Loins,sloinsqe@ucoz.ru,Engineer,55535
Kingsley,Tolomio,ktolomioqf@odnoklassniki.ru,Project Manager,74390
Baryram,Deaves,bdeavesqg@mediafire.com,Estimator,58866
Phil,Menauteau,pmenauteauqh@ocn.ne.jp,Architect,73872
Trenna,Stook,tstookqi@over-blog.com,Surveyor,69881
Nance,Colbourn,ncolbournqj@hubpages.com,Estimator,75494
Candice,Bellwood,cbellwoodqk@hud.gov,Project Manager,60940
Kissiah,Bradden,kbraddenql@mail.ru,Project Manager,72482
Lyn,Abisetti,labisettiqm@harvard.edu,Estimator,78250
Branden,Tippin,btippinqn@indiegogo.com,Supervisor,81142
Dunc,Metham,dmethamqo@amazon.co.jp,Project Manager,55067
Brooks,Azemar,bazemarqp@china.com.cn,Construction Worker,78612
Shell,Brandolini,sbrandoliniqq@yolasite.com,Subcontractor,58995
Dacia,Hurtado,dhurtadoqr@independent.co.uk,Engineer,86633
Graig,Millbank,gmillbankqs@ucoz.ru,Subcontractor,68524
Salmon,Sworne,ssworneqt@elpais.com,Construction Manager,85753
Nady,Rogge,nroggequ@wiley.com,Supervisor,83087
Leupold,Quartermain,lquartermainqv@independent.co.uk,Surveyor,74764
Eleonore,Hammarberg,ehammarbergqw@economist.com,Electrician,54476
Florida,Clymo,fclymoqx@narod.ru,Construction Expeditor,85699
Nada,Parell,nparellqy@soundcloud.com,Electrician,53840
Monroe,Pedden,mpeddenqz@reuters.com,Construction Foreman,70693
Ulrich,Scarlan,uscarlanr0@github.com,Electrician,55780
Betteann,Ivy,bivyr1@usa.gov,Construction Worker,57173
Luca,Bourner,lbournerr2@dagondesign.com,Construction Manager,89148
Kathryn,Diglin,kdiglinr3@seattletimes.com,Construction Expeditor,59511
Alwin,Kitney,akitneyr4@phpbb.com,Engineer,88515
Nevile,Lockie,nlockier5@clickbank.net,Project Manager,65535
Gardie,Hubach,ghubachr6@people.com.cn,Electrician,58995
Shanda,Jaycock,sjaycockr7@sphinn.com,Construction Expeditor,63969
Martainn,Leinster,mleinsterr8@dropbox.com,Subcontractor,82457
Cathlene,Jack,cjackr9@drupal.org,Architect,88157
Darda,Goldstein,dgoldsteinra@nhs.uk,Engineer,87393
Tiphanie,Bernollet,tbernolletrb@va.gov,Engineer,85845
Keen,Asee,kaseerc@clickbank.net,Estimator,78427
Chelsea,Halsey,chalseyrd@cnn.com,Electrician,71542
Maurice,Baiden,mbaidenre@lulu.com,Construction Foreman,70839
Umberto,Stoving,ustovingrf@mtv.com,Construction Manager,84630
Hallsy,Hapke,hhapkerg@slideshare.net,Engineer,82640
Lin,Haton,lhatonrh@newyorker.com,Subcontractor,86377
Moe,Endrici,mendriciri@marketwatch.com,Construction Foreman,64550
Keith,Gianullo,kgianullorj@imageshack.us,Construction Foreman,62795
Brinna,Gavrieli,bgavrielirk@stanford.edu,Construction Foreman,76464
Bevin,Saffon,bsaffonrl@paypal.com,Architect,63450
Tuck,Boerder,tboerderrm@nature.com,Construction Expeditor,62582
Stanislas,Hamblin,shamblinrn@wsj.com,Engineer,72283
Eyde,Crepin,ecrepinro@virginia.edu,Electrician,86596
Edgard,Bartosinski,ebartosinskirp@fastcompany.com,Subcontractor,60697
Sabra,Gull,sgullrq@msn.com,Electrician,53415
Justino,Klehyn,jklehynrr@nationalgeographic.com,Electrician,66246
